timestamp,temperature_c,humidity_percent,rain_intensity_mm,wind_speed_kmh,visibility_km,condition,is_raining,hour,month,day_of_week
2024-06-01 00:00:00,27.2,89.1,0.42,6.3,9.0,Drizzle,True,0,6,5
2024-06-01 01:00:00,21.0,54.3,0.0,4.5,12.2,Clear,False,1,6,5
2024-06-01 02:00:00,26.0,55.7,0.0,4.9,12.8,Clear,False,2,6,5
2024-06-01 03:00:00,23.0,95.0,2.34,4.7,6.4,Light Rain,True,3,6,5
2024-06-01 04:00:00,25.7,69.6,6.0,3.6,4.1,Light Rain,True,4,6,5
2024-06-01 05:00:00,41.3,62.2,0.0,0.7,17.6,Clear,False,5,6,5
2024-06-01 06:00:00,22.8,67.7,0.0,2.6,13.4,Clear,False,6,6,5
2024-06-01 07:00:00,25.6,65.8,0.0,11.8,17.7,Clear,False,7,6,5
2024-06-01 08:00:00,28.7,65.4,0.93,10.6,9.7,Drizzle,True,8,6,5
2024-06-01 09:00:00,32.6,63.6,0.0,6.6,13.1,Clear,False,9,6,5
2024-06-01 10:00:00,34.0,52.9,0.29,1.0,9.1,Drizzle,True,10,6,5
2024-06-01 11:00:00,35.6,54.7,0.0,2.1,10.5,Clear,False,11,6,5
2024-06-01 12:00:00,29.1,65.0,0.0,13.0,18.5,Clear,False,12,6,5
2024-06-01 13:00:00,38.2,75.3,0.65,10.3,7.5,Drizzle,True,13,6,5
2024-06-01 14:00:00,30.6,58.7,1.03,28.5,3.0,Drizzle,True,14,6,5
2024-06-01 15:00:00,29.1,66.4,0.84,5.5,11.9,Drizzle,True,15,6,5
2024-06-01 16:00:00,30.6,59.7,0.0,2.2,11.5,Clear,False,16,6,5
2024-06-01 17:00:00,38.2,67.9,0.0,8.0,12.3,Clear,False,17,6,5
2024-06-01 18:00:00,38.3,62.3,2.23,14.1,6.3,Light Rain,True,18,6,5
2024-06-01 19:00:00,25.8,65.4,0.0,22.1,12.3,Clear,False,19,6,5
2024-06-01 20:00:00,21.3,56.4,0.0,13.6,16.7,Clear,False,20,6,5
2024-06-01 21:00:00,36.9,56.8,0.0,18.5,14.4,Clear,False,21,6,5
2024-06-01 22:00:00,20.2,73.0,0.0,17.4,12.4,Clear,False,22,6,5
2024-06-01 23:00:00,30.5,81.5,0.27,19.3,7.9,Drizzle,True,23,6,5
2024-06-02 00:00:00,20.4,69.2,3.43,14.7,8.9,Light Rain,True,0,6,6
2024-06-02 01:00:00,21.0,57.4,9.03,9.8,3.8,Light Rain,True,1,6,6
2024-06-02 02:00:00,28.0,86.0,3.2,7.8,6.7,Light Rain,True,2,6,6
2024-06-02 03:00:00,25.9,55.5,0.0,15.2,17.3,Clear,False,3,6,6
2024-06-02 04:00:00,19.3,67.1,0.0,6.8,15.3,Clear,False,4,6,6
2024-06-02 05:00:00,24.5,70.6,0.0,9.6,15.2,Clear,False,5,6,6
2024-06-02 06:00:00,29.0,69.1,0.0,16.1,13.2,Clear,False,6,6,6
2024-06-02 07:00:00,32.9,74.4,0.0,9.7,15.0,Clear,False,7,6,6
2024-06-02 08:00:00,32.5,56.0,2.16,12.2,3.3,Light Rain,True,8,6,6
2024-06-02 09:00:00,31.2,75.7,1.85,18.4,4.5,Drizzle,True,9,6,6
2024-06-02 10:00:00,46.6,73.6,0.0,5.8,17.5,Clear,False,10,6,6
2024-06-02 11:00:00,35.0,62.2,0.06,32.8,8.7,Drizzle,True,11,6,6
2024-06-02 12:00:00,24.3,55.3,0.0,10.0,13.0,Clear,False,12,6,6
2024-06-02 13:00:00,26.5,81.2,0.0,2.3,18.1,Clear,False,13,6,6
2024-06-02 14:00:00,35.9,64.4,0.0,0.8,17.3,Clear,False,14,6,6
2024-06-02 15:00:00,12.7,57.5,0.0,7.7,11.3,Clear,False,15,6,6
2024-06-02 16:00:00,29.1,74.4,0.0,15.5,10.7,Clear,False,16,6,6
2024-06-02 17:00:00,27.0,74.0,2.2,21.8,9.6,Light Rain,True,17,6,6
2024-06-02 18:00:00,32.1,66.9,0.0,26.0,15.2,Clear,False,18,6,6
2024-06-02 19:00:00,23.0,81.5,4.21,8.7,5.6,Light Rain,True,19,6,6
2024-06-02 20:00:00,30.1,86.3,0.49,10.7,4.6,Drizzle,True,20,6,6
2024-06-02 21:00:00,24.0,75.5,0.0,0.9,13.7,Clear,False,21,6,6
2024-06-02 22:00:00,26.9,54.8,0.0,3.9,17.8,Clear,False,22,6,6
2024-06-02 23:00:00,22.4,79.1,0.0,2.8,18.2,Clear,False,23,6,6
2024-06-03 00:00:00,28.6,67.7,0.0,0.8,17.0,Clear,False,0,6,0
2024-06-03 01:00:00,21.5,39.1,0.0,3.5,20.0,Clear,False,1,6,0
2024-06-03 02:00:00,30.8,55.7,0.0,9.8,15.6,Clear,False,2,6,0
2024-06-03 03:00:00,29.8,75.2,3.75,14.1,6.7,Light Rain,True,3,6,0
2024-06-03 04:00:00,22.9,73.4,0.32,9.8,8.5,Drizzle,True,4,6,0
2024-06-03 05:00:00,27.6,45.5,0.0,2.0,12.5,Clear,False,5,6,0
2024-06-03 06:00:00,33.3,64.7,0.0,7.9,15.2,Clear,False,6,6,0
2024-06-03 07:00:00,32.6,72.0,0.0,0.4,20.0,Clear,False,7,6,0
2024-06-03 08:00:00,32.4,64.4,1.56,6.2,7.3,Drizzle,True,8,6,0
2024-06-03 09:00:00,36.5,69.5,0.0,1.4,13.3,Clear,False,9,6,0
2024-06-03 10:00:00,28.1,71.8,0.0,1.3,13.6,Clear,False,10,6,0
2024-06-03 11:00:00,25.1,58.9,0.0,2.6,18.7,Clear,False,11,6,0
2024-06-03 12:00:00,31.1,55.5,0.0,1.1,16.9,Clear,False,12,6,0
2024-06-03 13:00:00,32.6,67.1,0.0,3.5,11.6,Clear,False,13,6,0
2024-06-03 14:00:00,31.2,75.5,0.0,15.3,15.3,Clear,False,14,6,0
2024-06-03 15:00:00,44.8,77.4,0.07,20.7,8.8,Drizzle,True,15,6,0
2024-06-03 16:00:00,28.1,42.7,0.0,18.8,19.3,Clear,False,16,6,0
2024-06-03 17:00:00,27.7,55.1,0.0,15.9,19.0,Clear,False,17,6,0
2024-06-03 18:00:00,32.5,57.2,0.0,5.4,10.0,Clear,False,18,6,0
2024-06-03 19:00:00,27.7,73.4,0.34,7.4,5.1,Drizzle,True,19,6,0
2024-06-03 20:00:00,20.3,59.4,0.0,1.5,17.9,Clear,False,20,6,0
2024-06-03 21:00:00,20.8,68.8,1.13,10.3,7.1,Drizzle,True,21,6,0
2024-06-03 22:00:00,30.0,68.5,0.0,1.6,13.1,Clear,False,22,6,0
2024-06-03 23:00:00,19.8,83.7,0.0,5.0,14.1,Clear,False,23,6,0
2024-06-04 00:00:00,27.3,60.3,0.0,0.9,17.9,Clear,False,0,6,1
2024-06-04 01:00:00,27.7,51.9,0.0,0.2,12.3,Clear,False,1,6,1
2024-06-04 02:00:00,18.4,52.3,0.0,7.2,13.9,Clear,False,2,6,1
2024-06-04 03:00:00,31.6,51.3,0.0,7.1,15.0,Clear,False,3,6,1
2024-06-04 04:00:00,26.0,56.1,0.0,8.3,13.0,Clear,False,4,6,1
2024-06-04 05:00:00,17.3,75.9,0.27,4.4,6.0,Drizzle,True,5,6,1
2024-06-04 06:00:00,26.3,60.5,0.0,32.3,12.5,Clear,False,6,6,1
2024-06-04 07:00:00,28.0,73.0,2.76,32.3,10.2,Light Rain,True,7,6,1
2024-06-04 08:00:00,34.1,54.4,0.0,5.7,12.0,Clear,False,8,6,1
2024-06-04 09:00:00,28.1,44.8,0.0,1.3,17.4,Clear,False,9,6,1
2024-06-04 10:00:00,41.7,71.5,0.16,44.8,5.8,Drizzle,True,10,6,1
2024-06-04 11:00:00,32.9,65.3,0.0,4.2,19.3,Clear,False,11,6,1
2024-06-04 12:00:00,33.5,63.7,0.0,1.6,13.2,Clear,False,12,6,1
2024-06-04 13:00:00,31.1,87.9,3.97,5.8,6.4,Light Rain,True,13,6,1
2024-06-04 14:00:00,35.8,37.9,0.0,4.0,16.1,Clear,False,14,6,1
2024-06-04 15:00:00,32.4,57.1,3.44,11.6,6.6,Light Rain,True,15,6,1
2024-06-04 16:00:00,30.7,81.2,7.03,10.3,2.6,Light Rain,True,16,6,1
2024-06-04 17:00:00,36.0,69.7,0.0,1.3,15.2,Clear,False,17,6,1
2024-06-04 18:00:00,23.9,75.1,0.0,3.3,16.2,Clear,False,18,6,1
2024-06-04 19:00:00,30.5,55.7,0.0,10.2,13.3,Clear,False,19,6,1
2024-06-04 20:00:00,33.9,60.1,0.5,18.8,10.0,Drizzle,True,20,6,1
2024-06-04 21:00:00,28.2,62.8,0.0,7.6,11.6,Clear,False,21,6,1
2024-06-04 22:00:00,27.0,64.8,0.0,1.3,15.7,Clear,False,22,6,1
2024-06-04 23:00:00,37.1,75.9,0.0,20.8,13.5,Clear,False,23,6,1
2024-06-05 00:00:00,19.8,60.6,0.0,4.1,18.3,Clear,False,0,6,2
2024-06-05 01:00:00,23.4,49.9,0.0,20.2,10.0,Clear,False,1,6,2
2024-06-05 02:00:00,16.0,80.0,1.51,6.2,4.4,Drizzle,True,2,6,2
2024-06-05 03:00:00,28.7,70.8,0.0,0.1,9.5,Clear,False,3,6,2
2024-06-05 04:00:00,20.9,52.0,0.0,5.6,14.5,Clear,False,4,6,2
2024-06-05 05:00:00,21.9,52.2,0.0,1.8,17.0,Clear,False,5,6,2
2024-06-05 06:00:00,41.6,73.9,0.0,4.1,7.0,Clear,False,6,6,2
2024-06-05 07:00:00,25.5,62.9,0.0,3.7,14.2,Clear,False,7,6,2
2024-06-05 08:00:00,32.5,71.0,3.15,15.8,4.7,Light Rain,True,8,6,2
2024-06-05 09:00:00,29.4,66.3,0.7,16.0,7.5,Drizzle,True,9,6,2
2024-06-05 10:00:00,37.2,53.4,0.0,0.1,12.2,Clear,False,10,6,2
2024-06-05 11:00:00,26.2,47.6,0.0,7.1,12.6,Clear,False,11,6,2
2024-06-05 12:00:00,32.0,72.5,0.0,2.8,8.5,Clear,False,12,6,2
2024-06-05 13:00:00,35.8,78.4,0.78,7.2,8.5,Drizzle,True,13,6,2
2024-06-05 14:00:00,31.5,76.9,0.79,0.3,8.1,Drizzle,True,14,6,2
2024-06-05 15:00:00,42.5,72.9,0.37,24.2,9.0,Drizzle,True,15,6,2
2024-06-05 16:00:00,41.4,41.6,0.0,0.4,11.2,Clear,False,16,6,2
2024-06-05 17:00:00,32.1,73.1,1.23,11.7,5.2,Drizzle,True,17,6,2
2024-06-05 18:00:00,30.4,80.8,0.0,10.6,14.1,Clear,False,18,6,2
2024-06-05 19:00:00,25.0,59.9,0.0,3.3,13.0,Clear,False,19,6,2
2024-06-05 20:00:00,23.7,61.8,0.0,9.3,14.0,Clear,False,20,6,2
2024-06-05 21:00:00,16.4,65.0,0.0,2.5,16.6,Clear,False,21,6,2
2024-06-05 22:00:00,18.5,46.8,0.0,16.5,14.3,Clear,False,22,6,2
2024-06-05 23:00:00,30.3,72.9,0.0,2.3,18.2,Clear,False,23,6,2
2024-06-06 00:00:00,17.3,83.9,2.99,7.7,8.4,Light Rain,True,0,6,3
2024-06-06 01:00:00,25.2,81.8,2.27,4.0,9.6,Light Rain,True,1,6,3
2024-06-06 02:00:00,24.0,64.1,0.0,3.1,9.2,Clear,False,2,6,3
2024-06-06 03:00:00,29.9,64.4,5.1,5.4,4.1,Light Rain,True,3,6,3
2024-06-06 04:00:00,25.2,83.0,0.0,33.1,13.9,Clear,False,4,6,3
2024-06-06 05:00:00,25.7,88.2,0.29,5.5,4.9,Drizzle,True,5,6,3
2024-06-06 06:00:00,18.9,49.3,0.0,12.3,17.0,Clear,False,6,6,3
2024-06-06 07:00:00,28.5,94.8,11.82,7.6,3.5,Heavy Rain,True,7,6,3
2024-06-06 08:00:00,37.4,66.0,0.52,15.6,6.7,Drizzle,True,8,6,3
2024-06-06 09:00:00,26.8,88.2,4.23,7.6,4.0,Light Rain,True,9,6,3
2024-06-06 10:00:00,42.3,53.9,0.0,24.9,13.8,Clear,False,10,6,3
2024-06-06 11:00:00,33.1,91.6,1.31,11.4,5.1,Drizzle,True,11,6,3
2024-06-06 12:00:00,26.8,76.6,4.76,18.0,5.9,Light Rain,True,12,6,3
2024-06-06 13:00:00,30.6,91.1,5.27,20.6,3.4,Light Rain,True,13,6,3
2024-06-06 14:00:00,34.5,65.0,0.0,7.7,17.6,Clear,False,14,6,3
2024-06-06 15:00:00,28.7,56.3,0.0,1.4,12.5,Clear,False,15,6,3
2024-06-06 16:00:00,33.9,72.8,2.4,32.7,8.5,Light Rain,True,16,6,3
2024-06-06 17:00:00,38.6,56.9,0.0,6.2,15.7,Clear,False,17,6,3
2024-06-06 18:00:00,31.1,82.0,6.92,13.8,2.6,Light Rain,True,18,6,3
2024-06-06 19:00:00,23.5,41.9,0.0,0.4,17.9,Clear,False,19,6,3
2024-06-06 20:00:00,25.8,58.7,0.0,9.2,8.9,Clear,False,20,6,3
2024-06-06 21:00:00,15.7,47.7,0.0,9.5,14.5,Clear,False,21,6,3
2024-06-06 22:00:00,33.2,57.8,0.0,4.4,11.6,Clear,False,22,6,3
2024-06-06 23:00:00,22.2,82.9,0.6,1.5,9.9,Drizzle,True,23,6,3
2024-06-07 00:00:00,26.8,63.4,0.0,14.9,16.4,Clear,False,0,6,4
2024-06-07 01:00:00,30.9,62.0,0.0,5.3,17.1,Clear,False,1,6,4
2024-06-07 02:00:00,25.2,67.4,2.18,5.6,9.0,Light Rain,True,2,6,4
2024-06-07 03:00:00,23.6,58.3,0.0,7.3,12.9,Clear,False,3,6,4
2024-06-07 04:00:00,27.9,81.1,1.64,5.9,4.7,Drizzle,True,4,6,4
2024-06-07 05:00:00,34.3,72.9,1.82,4.9,6.8,Drizzle,True,5,6,4
2024-06-07 06:00:00,28.6,62.0,0.0,12.9,11.8,Clear,False,6,6,4
2024-06-07 07:00:00,27.6,62.8,0.0,0.3,12.6,Clear,False,7,6,4
2024-06-07 08:00:00,40.8,63.9,0.0,3.3,17.0,Clear,False,8,6,4
2024-06-07 09:00:00,33.5,58.0,0.0,6.0,19.0,Clear,False,9,6,4
2024-06-07 10:00:00,29.6,49.7,0.0,8.6,13.4,Clear,False,10,6,4
2024-06-07 11:00:00,45.6,50.7,0.0,29.4,17.3,Clear,False,11,6,4
2024-06-07 12:00:00,26.5,71.0,0.74,11.2,8.3,Drizzle,True,12,6,4
2024-06-07 13:00:00,31.7,47.7,0.0,0.3,10.6,Clear,False,13,6,4
2024-06-07 14:00:00,34.2,76.8,0.0,16.5,13.6,Clear,False,14,6,4
2024-06-07 15:00:00,31.9,66.5,0.0,1.9,10.3,Clear,False,15,6,4
2024-06-07 16:00:00,41.1,53.7,0.0,19.2,16.2,Clear,False,16,6,4
2024-06-07 17:00:00,26.9,80.6,5.12,3.0,3.2,Light Rain,True,17,6,4
2024-06-07 18:00:00,25.9,78.3,2.67,6.7,7.7,Light Rain,True,18,6,4
2024-06-07 19:00:00,25.7,69.4,4.41,11.5,4.2,Light Rain,True,19,6,4
2024-06-07 20:00:00,21.8,68.5,0.0,14.9,18.7,Clear,False,20,6,4
2024-06-07 21:00:00,29.4,73.9,0.79,7.7,7.1,Drizzle,True,21,6,4
2024-06-07 22:00:00,28.5,65.8,0.4,39.9,7.9,Drizzle,True,22,6,4
2024-06-07 23:00:00,26.5,39.0,0.0,1.2,20.0,Clear,False,23,6,4
2024-06-08 00:00:00,21.6,62.8,0.0,16.2,13.0,Clear,False,0,6,5
2024-06-08 01:00:00,25.9,59.7,0.0,16.3,20.0,Clear,False,1,6,5
2024-06-08 02:00:00,22.9,62.0,0.0,1.9,16.3,Clear,False,2,6,5
2024-06-08 03:00:00,22.8,52.3,0.0,59.5,15.9,Clear,False,3,6,5
2024-06-08 04:00:00,29.5,63.4,0.0,16.9,19.3,Clear,False,4,6,5
2024-06-08 05:00:00,14.7,70.5,0.0,12.8,16.7,Clear,False,5,6,5
2024-06-08 06:00:00,36.9,71.1,0.98,13.4,5.3,Drizzle,True,6,6,5
2024-06-08 07:00:00,21.7,62.0,0.19,15.7,10.1,Drizzle,True,7,6,5
2024-06-08 08:00:00,18.4,60.6,0.0,0.2,18.4,Clear,False,8,6,5
2024-06-08 09:00:00,22.2,74.5,0.0,7.5,9.5,Clear,False,9,6,5
2024-06-08 10:00:00,35.6,57.5,0.0,0.5,16.2,Clear,False,10,6,5
2024-06-08 11:00:00,31.2,69.9,0.84,8.5,9.8,Drizzle,True,11,6,5
2024-06-08 12:00:00,32.5,50.1,0.0,1.0,17.8,Clear,False,12,6,5
2024-06-08 13:00:00,31.8,61.1,0.0,0.9,11.0,Clear,False,13,6,5
2024-06-08 14:00:00,23.9,59.8,0.0,6.4,16.7,Clear,False,14,6,5
2024-06-08 15:00:00,30.8,61.2,0.0,17.2,16.6,Clear,False,15,6,5
2024-06-08 16:00:00,26.2,46.0,0.0,18.4,20.0,Clear,False,16,6,5
2024-06-08 17:00:00,23.4,52.8,0.0,4.4,17.7,Clear,False,17,6,5
2024-06-08 18:00:00,28.2,51.6,0.0,1.5,20.0,Clear,False,18,6,5
2024-06-08 19:00:00,29.0,72.5,2.57,7.9,7.5,Light Rain,True,19,6,5
2024-06-08 20:00:00,28.9,78.1,2.97,14.2,5.9,Light Rain,True,20,6,5
2024-06-08 21:00:00,31.1,70.2,5.62,3.4,2.3,Light Rain,True,21,6,5
2024-06-08 22:00:00,21.7,52.4,0.0,2.1,15.1,Clear,False,22,6,5
2024-06-08 23:00:00,30.4,90.2,1.01,18.9,7.8,Drizzle,True,23,6,5
2024-06-09 00:00:00,21.4,81.0,2.93,4.0,7.2,Light Rain,True,0,6,6
2024-06-09 01:00:00,32.3,73.1,0.0,21.0,11.4,Clear,False,1,6,6
2024-06-09 02:00:00,19.5,60.7,0.0,5.9,17.3,Clear,False,2,6,6
2024-06-09 03:00:00,21.7,54.7,0.0,12.2,16.1,Clear,False,3,6,6
2024-06-09 04:00:00,17.9,53.0,0.0,6.5,14.3,Clear,False,4,6,6
2024-06-09 05:00:00,17.6,81.6,0.0,20.1,11.6,Clear,False,5,6,6
2024-06-09 06:00:00,32.3,56.2,0.0,1.0,16.4,Clear,False,6,6,6
2024-06-09 07:00:00,31.1,83.7,0.21,10.7,5.2,Drizzle,True,7,6,6
2024-06-09 08:00:00,31.1,88.2,4.95,32.9,6.4,Light Rain,True,8,6,6
2024-06-09 09:00:00,28.8,50.1,1.15,5.7,8.1,Drizzle,True,9,6,6
2024-06-09 10:00:00,31.6,60.6,0.0,0.9,9.1,Clear,False,10,6,6
2024-06-09 11:00:00,26.2,95.0,0.16,15.1,6.9,Drizzle,True,11,6,6
2024-06-09 12:00:00,27.4,67.8,2.95,6.0,7.0,Light Rain,True,12,6,6
2024-06-09 13:00:00,35.6,69.5,0.0,4.4,10.5,Clear,False,13,6,6
2024-06-09 14:00:00,23.7,48.3,0.0,10.6,9.6,Clear,False,14,6,6
2024-06-09 15:00:00,22.9,54.5,0.0,1.9,16.2,Clear,False,15,6,6
2024-06-09 16:00:00,32.1,61.2,0.0,14.9,12.1,Clear,False,16,6,6
2024-06-09 17:00:00,29.0,55.6,0.0,5.2,12.3,Clear,False,17,6,6
2024-06-09 18:00:00,20.9,74.7,0.0,24.9,14.4,Clear,False,18,6,6
2024-06-09 19:00:00,23.7,78.1,4.6,5.0,8.8,Light Rain,True,19,6,6
2024-06-09 20:00:00,34.5,62.8,0.0,0.6,17.4,Clear,False,20,6,6
2024-06-09 21:00:00,19.2,60.9,0.0,0.3,20.0,Clear,False,21,6,6
2024-06-09 22:00:00,25.3,73.5,1.08,13.8,8.1,Drizzle,True,22,6,6
2024-06-09 23:00:00,32.4,70.0,0.0,3.8,12.7,Clear,False,23,6,6
2024-06-10 00:00:00,22.9,73.3,0.0,6.0,16.7,Clear,False,0,6,0
2024-06-10 01:00:00,23.6,60.6,0.0,11.0,15.8,Clear,False,1,6,0
2024-06-10 02:00:00,29.8,56.4,0.0,2.0,12.5,Clear,False,2,6,0
2024-06-10 03:00:00,15.8,80.6,0.0,2.2,11.7,Clear,False,3,6,0
2024-06-10 04:00:00,23.3,82.2,4.23,23.3,5.4,Light Rain,True,4,6,0
2024-06-10 05:00:00,30.8,68.9,0.0,1.6,17.2,Clear,False,5,6,0
2024-06-10 06:00:00,32.7,59.1,0.0,13.6,14.7,Clear,False,6,6,0
2024-06-10 07:00:00,28.2,64.9,0.0,7.1,17.2,Clear,False,7,6,0
2024-06-10 08:00:00,21.7,78.1,0.0,8.1,16.9,Clear,False,8,6,0
2024-06-10 09:00:00,28.8,72.4,3.24,42.8,5.3,Light Rain,True,9,6,0
2024-06-10 10:00:00,29.3,76.7,0.0,1.7,16.2,Clear,False,10,6,0
2024-06-10 11:00:00,35.8,58.7,0.0,0.3,15.0,Clear,False,11,6,0
2024-06-10 12:00:00,28.4,75.9,0.4,5.5,2.8,Drizzle,True,12,6,0
2024-06-10 13:00:00,34.6,43.0,0.0,9.5,19.4,Clear,False,13,6,0
2024-06-10 14:00:00,35.7,61.8,0.0,8.2,12.5,Clear,False,14,6,0
2024-06-10 15:00:00,30.3,78.6,0.0,9.0,20.0,Clear,False,15,6,0
2024-06-10 16:00:00,29.5,81.5,0.15,10.3,8.9,Drizzle,True,16,6,0
2024-06-10 17:00:00,34.4,62.6,1.42,7.2,4.3,Drizzle,True,17,6,0
2024-06-10 18:00:00,33.1,78.6,0.0,1.0,11.8,Clear,False,18,6,0
2024-06-10 19:00:00,30.1,72.0,0.0,1.6,9.2,Clear,False,19,6,0
2024-06-10 20:00:00,15.6,54.7,0.0,2.8,17.3,Clear,False,20,6,0
2024-06-10 21:00:00,29.8,56.3,0.0,4.9,16.2,Clear,False,21,6,0
2024-06-10 22:00:00,19.3,62.1,0.0,4.6,13.9,Clear,False,22,6,0
2024-06-10 23:00:00,31.1,73.1,3.48,13.3,6.6,Light Rain,True,23,6,0
2024-06-11 00:00:00,19.0,74.6,3.56,8.2,7.0,Light Rain,True,0,6,1
2024-06-11 01:00:00,23.2,42.4,0.0,0.2,11.9,Clear,False,1,6,1
2024-06-11 02:00:00,26.4,82.5,1.36,9.8,4.5,Drizzle,True,2,6,1
2024-06-11 03:00:00,23.8,64.7,0.0,3.4,14.9,Clear,False,3,6,1
2024-06-11 04:00:00,19.7,62.0,0.0,1.0,18.4,Clear,False,4,6,1
2024-06-11 05:00:00,28.5,61.8,0.0,0.7,13.9,Clear,False,5,6,1
2024-06-11 06:00:00,19.8,64.4,0.0,4.2,17.7,Clear,False,6,6,1
2024-06-11 07:00:00,38.2,60.2,0.0,4.9,12.8,Clear,False,7,6,1
2024-06-11 08:00:00,26.2,55.2,0.0,5.9,12.1,Clear,False,8,6,1
2024-06-11 09:00:00,32.1,57.1,0.0,11.8,10.3,Clear,False,9,6,1
2024-06-11 10:00:00,35.3,89.2,2.67,22.7,5.9,Light Rain,True,10,6,1
2024-06-11 11:00:00,22.2,63.6,0.0,12.8,19.1,Clear,False,11,6,1
2024-06-11 12:00:00,34.4,47.8,0.0,12.6,15.4,Clear,False,12,6,1
2024-06-11 13:00:00,34.3,57.3,0.0,1.2,16.5,Clear,False,13,6,1
2024-06-11 14:00:00,27.2,81.8,1.45,12.7,9.8,Drizzle,True,14,6,1
2024-06-11 15:00:00,31.5,49.4,0.0,4.5,16.3,Clear,False,15,6,1
2024-06-11 16:00:00,42.1,82.4,3.29,7.5,7.6,Light Rain,True,16,6,1
2024-06-11 17:00:00,40.7,57.0,0.0,4.9,9.1,Clear,False,17,6,1
2024-06-11 18:00:00,26.1,75.0,3.11,18.3,6.3,Light Rain,True,18,6,1
2024-06-11 19:00:00,21.2,76.2,0.0,7.8,14.0,Clear,False,19,6,1
2024-06-11 20:00:00,29.1,64.0,0.0,1.1,14.9,Clear,False,20,6,1
2024-06-11 21:00:00,21.5,71.4,4.84,5.5,8.6,Light Rain,True,21,6,1
2024-06-11 22:00:00,33.9,56.3,0.08,9.4,7.4,Drizzle,True,22,6,1
2024-06-11 23:00:00,27.7,86.9,5.94,11.0,3.2,Light Rain,True,23,6,1
2024-06-12 00:00:00,11.9,61.4,0.0,30.1,18.3,Clear,False,0,6,2
2024-06-12 01:00:00,22.2,57.8,0.0,2.8,16.3,Clear,False,1,6,2
2024-06-12 02:00:00,26.6,81.3,5.15,7.1,4.8,Light Rain,True,2,6,2
2024-06-12 03:00:00,23.2,73.3,2.28,11.0,5.3,Light Rain,True,3,6,2
2024-06-12 04:00:00,28.9,85.1,0.21,7.4,9.3,Drizzle,True,4,6,2
2024-06-12 05:00:00,20.8,69.8,0.0,6.8,16.5,Clear,False,5,6,2
2024-06-12 06:00:00,18.8,53.5,0.0,7.4,9.5,Clear,False,6,6,2
2024-06-12 07:00:00,32.2,76.1,0.0,9.7,18.9,Clear,False,7,6,2
2024-06-12 08:00:00,28.2,57.5,0.0,8.4,12.5,Clear,False,8,6,2
2024-06-12 09:00:00,32.7,60.4,0.0,0.6,20.0,Clear,False,9,6,2
2024-06-12 10:00:00,24.6,68.7,0.81,32.8,2.9,Drizzle,True,10,6,2
2024-06-12 11:00:00,30.8,51.1,0.0,0.0,13.0,Clear,False,11,6,2
2024-06-12 12:00:00,35.3,93.5,6.71,9.7,2.2,Light Rain,True,12,6,2
2024-06-12 13:00:00,27.8,70.8,0.0,9.7,15.1,Clear,False,13,6,2
2024-06-12 14:00:00,24.4,42.0,0.0,10.0,10.2,Clear,False,14,6,2
2024-06-12 15:00:00,24.9,70.9,0.15,10.3,7.7,Drizzle,True,15,6,2
2024-06-12 16:00:00,22.4,51.1,0.0,11.1,14.1,Clear,False,16,6,2
2024-06-12 17:00:00,33.2,72.3,0.0,7.2,18.5,Clear,False,17,6,2
2024-06-12 18:00:00,33.6,82.0,5.82,2.1,3.1,Light Rain,True,18,6,2
2024-06-12 19:00:00,24.4,58.7,0.0,0.4,9.4,Clear,False,19,6,2
2024-06-12 20:00:00,23.7,72.7,0.0,14.9,12.4,Clear,False,20,6,2
2024-06-12 21:00:00,25.3,67.7,3.89,11.3,8.0,Light Rain,True,21,6,2
2024-06-12 22:00:00,14.5,41.6,0.0,9.8,18.5,Clear,False,22,6,2
2024-06-12 23:00:00,23.0,66.4,5.52,12.3,4.4,Light Rain,True,23,6,2
2024-06-13 00:00:00,21.8,43.2,0.0,7.4,12.6,Clear,False,0,6,3
2024-06-13 01:00:00,17.6,59.7,0.0,1.2,15.8,Clear,False,1,6,3
2024-06-13 02:00:00,22.6,65.5,0.0,0.3,15.0,Clear,False,2,6,3
2024-06-13 03:00:00,23.8,80.4,5.76,5.7,3.2,Light Rain,True,3,6,3
2024-06-13 04:00:00,28.0,52.2,1.95,11.5,11.5,Drizzle,True,4,6,3
2024-06-13 05:00:00,29.2,54.3,0.54,1.7,5.3,Drizzle,True,5,6,3
2024-06-13 06:00:00,32.3,75.5,1.47,5.3,6.4,Drizzle,True,6,6,3
2024-06-13 07:00:00,40.4,47.7,0.0,0.3,16.5,Clear,False,7,6,3
2024-06-13 08:00:00,41.2,62.5,0.0,16.3,16.4,Clear,False,8,6,3
2024-06-13 09:00:00,31.8,76.0,5.24,27.7,1.8,Light Rain,True,9,6,3
2024-06-13 10:00:00,31.7,62.6,0.0,2.7,18.1,Clear,False,10,6,3
2024-06-13 11:00:00,32.7,62.4,0.0,6.9,7.7,Clear,False,11,6,3
2024-06-13 12:00:00,36.3,64.1,0.0,1.8,19.5,Clear,False,12,6,3
2024-06-13 13:00:00,36.4,58.6,0.0,7.9,18.0,Clear,False,13,6,3
2024-06-13 14:00:00,40.3,90.0,0.89,6.7,8.7,Drizzle,True,14,6,3
2024-06-13 15:00:00,36.8,67.3,0.0,1.2,16.5,Clear,False,15,6,3
2024-06-13 16:00:00,36.5,71.9,0.0,7.6,17.1,Clear,False,16,6,3
2024-06-13 17:00:00,29.1,58.4,0.0,0.5,12.8,Clear,False,17,6,3
2024-06-13 18:00:00,26.4,57.1,1.74,17.1,7.2,Drizzle,True,18,6,3
2024-06-13 19:00:00,22.8,61.2,4.07,28.7,6.6,Light Rain,True,19,6,3
2024-06-13 20:00:00,19.7,66.4,0.0,7.4,11.3,Clear,False,20,6,3
2024-06-13 21:00:00,29.2,30.0,0.0,7.8,15.6,Clear,False,21,6,3
2024-06-13 22:00:00,25.1,68.1,0.0,13.0,12.1,Clear,False,22,6,3
2024-06-13 23:00:00,35.8,76.4,1.72,8.7,5.1,Drizzle,True,23,6,3
2024-06-14 00:00:00,21.9,79.4,4.57,7.5,5.3,Light Rain,True,0,6,4
2024-06-14 01:00:00,21.1,46.5,0.0,3.0,12.5,Clear,False,1,6,4
2024-06-14 02:00:00,26.7,68.5,0.0,26.6,14.6,Clear,False,2,6,4
2024-06-14 03:00:00,25.2,35.6,0.0,9.7,14.6,Clear,False,3,6,4
2024-06-14 04:00:00,32.3,76.9,0.28,15.9,7.3,Drizzle,True,4,6,4
2024-06-14 05:00:00,26.8,31.7,0.0,1.9,15.1,Clear,False,5,6,4
2024-06-14 06:00:00,21.1,72.4,0.0,1.9,14.0,Clear,False,6,6,4
2024-06-14 07:00:00,33.4,57.3,0.0,7.5,16.1,Clear,False,7,6,4
2024-06-14 08:00:00,26.5,91.8,2.59,6.3,8.3,Light Rain,True,8,6,4
2024-06-14 09:00:00,30.6,68.7,1.81,2.9,4.7,Drizzle,True,9,6,4
2024-06-14 10:00:00,24.6,67.8,0.0,0.1,7.8,Clear,False,10,6,4
2024-06-14 11:00:00,33.6,95.0,3.72,18.2,7.0,Light Rain,True,11,6,4
2024-06-14 12:00:00,35.5,68.6,0.87,10.4,7.5,Drizzle,True,12,6,4
2024-06-14 13:00:00,33.2,66.7,0.0,4.1,17.0,Clear,False,13,6,4
2024-06-14 14:00:00,28.7,52.6,0.0,11.0,12.6,Clear,False,14,6,4
2024-06-14 15:00:00,27.4,80.6,1.14,5.9,6.4,Drizzle,True,15,6,4
2024-06-14 16:00:00,38.5,48.9,0.0,8.1,15.7,Clear,False,16,6,4
2024-06-14 17:00:00,36.9,51.9,0.0,2.7,11.2,Clear,False,17,6,4
2024-06-14 18:00:00,35.8,72.6,0.02,9.7,6.7,Drizzle,True,18,6,4
2024-06-14 19:00:00,26.4,60.0,0.0,0.6,10.1,Clear,False,19,6,4
2024-06-14 20:00:00,28.0,81.9,0.0,0.4,9.3,Clear,False,20,6,4
2024-06-14 21:00:00,21.5,81.3,8.09,2.0,3.5,Light Rain,True,21,6,4
2024-06-14 22:00:00,32.4,61.9,0.0,1.7,13.0,Clear,False,22,6,4
2024-06-14 23:00:00,27.2,53.6,0.0,10.1,16.5,Clear,False,23,6,4
2024-06-15 00:00:00,26.0,50.4,0.0,11.8,16.4,Clear,False,0,6,5
2024-06-15 01:00:00,23.4,65.5,4.71,15.0,5.3,Light Rain,True,1,6,5
2024-06-15 02:00:00,23.9,68.7,1.27,23.2,9.6,Drizzle,True,2,6,5
2024-06-15 03:00:00,30.9,41.3,0.0,2.3,18.0,Clear,False,3,6,5
2024-06-15 04:00:00,16.9,66.5,6.26,1.3,3.0,Light Rain,True,4,6,5
2024-06-15 05:00:00,25.7,44.6,0.0,5.8,20.0,Clear,False,5,6,5
2024-06-15 06:00:00,28.9,67.8,0.0,17.8,14.1,Clear,False,6,6,5
2024-06-15 07:00:00,37.2,54.0,2.24,9.3,6.2,Light Rain,True,7,6,5
2024-06-15 08:00:00,18.4,81.4,2.96,13.9,7.8,Light Rain,True,8,6,5
2024-06-15 09:00:00,33.7,60.9,0.34,14.6,7.1,Drizzle,True,9,6,5
2024-06-15 10:00:00,23.4,66.8,0.0,15.1,11.6,Clear,False,10,6,5
2024-06-15 11:00:00,21.0,71.9,0.0,1.6,12.1,Clear,False,11,6,5
2024-06-15 12:00:00,34.4,54.0,0.0,8.7,19.3,Clear,False,12,6,5
2024-06-15 13:00:00,29.8,51.7,0.0,7.0,16.6,Clear,False,13,6,5
2024-06-15 14:00:00,31.2,70.5,0.0,0.9,12.0,Clear,False,14,6,5
2024-06-15 15:00:00,47.2,66.1,0.0,9.6,14.5,Clear,False,15,6,5
2024-06-15 16:00:00,33.0,62.3,0.0,15.8,16.5,Clear,False,16,6,5
2024-06-15 17:00:00,34.0,63.9,9.6,23.7,3.9,Light Rain,True,17,6,5
2024-06-15 18:00:00,34.3,50.7,3.86,14.7,6.9,Light Rain,True,18,6,5
2024-06-15 19:00:00,16.7,68.9,0.0,27.3,16.7,Clear,False,19,6,5
2024-06-15 20:00:00,23.7,84.1,4.02,8.4,6.4,Light Rain,True,20,6,5
2024-06-15 21:00:00,17.4,63.8,0.0,2.3,17.4,Clear,False,21,6,5
2024-06-15 22:00:00,34.4,72.5,0.92,3.9,9.2,Drizzle,True,22,6,5
2024-06-15 23:00:00,24.9,54.6,0.0,3.2,9.9,Clear,False,23,6,5
2024-06-16 00:00:00,23.1,61.6,0.0,8.0,16.5,Clear,False,0,6,6
2024-06-16 01:00:00,20.5,72.2,0.81,5.5,7.2,Drizzle,True,1,6,6
2024-06-16 02:00:00,31.3,77.1,1.27,7.2,4.1,Drizzle,True,2,6,6
2024-06-16 03:00:00,18.4,62.1,0.0,0.6,15.2,Clear,False,3,6,6
2024-06-16 04:00:00,21.7,76.7,0.0,2.5,19.0,Clear,False,4,6,6
2024-06-16 05:00:00,26.8,90.9,0.79,11.6,7.6,Drizzle,True,5,6,6
2024-06-16 06:00:00,40.8,74.8,2.19,9.1,6.9,Light Rain,True,6,6,6
2024-06-16 07:00:00,36.0,65.6,0.0,0.9,11.9,Clear,False,7,6,6
2024-06-16 08:00:00,30.5,62.3,0.0,4.6,13.9,Clear,False,8,6,6
2024-06-16 09:00:00,25.6,77.5,0.0,2.2,19.1,Clear,False,9,6,6
2024-06-16 10:00:00,29.0,62.9,0.0,0.1,14.3,Clear,False,10,6,6
2024-06-16 11:00:00,25.7,61.7,1.54,20.4,9.0,Drizzle,True,11,6,6
2024-06-16 12:00:00,33.9,46.0,0.0,10.9,15.6,Clear,False,12,6,6
2024-06-16 13:00:00,35.2,58.1,0.0,7.0,13.1,Clear,False,13,6,6
2024-06-16 14:00:00,23.0,68.1,0.0,12.4,14.2,Clear,False,14,6,6
2024-06-16 15:00:00,40.2,68.3,0.0,4.7,11.9,Clear,False,15,6,6
2024-06-16 16:00:00,34.1,61.3,0.9,10.5,5.6,Drizzle,True,16,6,6
2024-06-16 17:00:00,31.4,66.5,0.44,7.2,4.9,Drizzle,True,17,6,6
2024-06-16 18:00:00,32.0,69.7,0.93,16.1,9.5,Drizzle,True,18,6,6
2024-06-16 19:00:00,15.6,82.6,6.13,26.0,1.6,Light Rain,True,19,6,6
2024-06-16 20:00:00,28.6,70.6,0.0,1.7,8.6,Clear,False,20,6,6
2024-06-16 21:00:00,28.8,61.7,0.0,4.6,15.5,Clear,False,21,6,6
2024-06-16 22:00:00,20.2,50.1,0.0,2.1,16.6,Clear,False,22,6,6
2024-06-16 23:00:00,29.0,57.2,0.0,0.9,16.3,Clear,False,23,6,6
2024-06-17 00:00:00,22.5,63.8,1.24,10.2,11.2,Drizzle,True,0,6,0
2024-06-17 01:00:00,13.3,78.7,0.0,1.5,16.2,Clear,False,1,6,0
2024-06-17 02:00:00,11.8,63.3,0.0,1.0,17.8,Clear,False,2,6,0
2024-06-17 03:00:00,20.9,51.0,0.0,1.8,13.8,Clear,False,3,6,0
2024-06-17 04:00:00,28.8,60.4,0.0,0.1,10.7,Clear,False,4,6,0
2024-06-17 05:00:00,35.9,94.6,0.03,19.0,7.3,Drizzle,True,5,6,0
2024-06-17 06:00:00,33.5,39.1,0.0,4.8,14.4,Clear,False,6,6,0
2024-06-17 07:00:00,32.1,79.2,1.23,17.9,7.1,Drizzle,True,7,6,0
2024-06-17 08:00:00,30.7,53.9,0.0,13.0,15.6,Clear,False,8,6,0
2024-06-17 09:00:00,22.9,53.6,0.0,0.6,11.4,Clear,False,9,6,0
2024-06-17 10:00:00,23.6,69.0,0.0,0.1,18.8,Clear,False,10,6,0
2024-06-17 11:00:00,32.0,58.0,0.0,11.9,15.0,Clear,False,11,6,0
2024-06-17 12:00:00,27.5,64.6,0.0,11.1,19.4,Clear,False,12,6,0
2024-06-17 13:00:00,34.2,64.1,0.0,10.8,12.4,Clear,False,13,6,0
2024-06-17 14:00:00,27.8,63.0,0.0,11.4,16.4,Clear,False,14,6,0
2024-06-17 15:00:00,41.6,61.9,0.0,1.4,17.8,Clear,False,15,6,0
2024-06-17 16:00:00,39.6,63.3,0.69,9.5,6.7,Drizzle,True,16,6,0
2024-06-17 17:00:00,24.2,62.2,0.0,13.8,13.6,Clear,False,17,6,0
2024-06-17 18:00:00,37.7,78.8,7.0,9.6,2.1,Light Rain,True,18,6,0
2024-06-17 19:00:00,26.1,72.8,2.71,20.6,8.5,Light Rain,True,19,6,0
2024-06-17 20:00:00,23.1,70.1,0.09,23.0,3.9,Drizzle,True,20,6,0
2024-06-17 21:00:00,24.9,66.8,0.0,3.1,14.1,Clear,False,21,6,0
2024-06-17 22:00:00,27.3,72.0,0.25,62.9,5.4,Drizzle,True,22,6,0
2024-06-17 23:00:00,27.5,71.5,0.06,9.6,9.9,Drizzle,True,23,6,0
2024-06-18 00:00:00,27.8,66.2,0.0,0.3,19.0,Clear,False,0,6,1
2024-06-18 01:00:00,29.1,80.1,0.0,7.1,18.1,Clear,False,1,6,1
2024-06-18 02:00:00,25.8,56.5,0.0,3.9,19.7,Clear,False,2,6,1
2024-06-18 03:00:00,24.7,68.2,13.58,40.1,3.5,Heavy Rain,True,3,6,1
2024-06-18 04:00:00,31.7,59.3,0.0,9.1,13.0,Clear,False,4,6,1
2024-06-18 05:00:00,27.5,60.0,0.0,9.6,11.2,Clear,False,5,6,1
2024-06-18 06:00:00,26.2,64.0,0.0,1.6,11.9,Clear,False,6,6,1
2024-06-18 07:00:00,32.7,86.9,0.05,21.7,8.7,Drizzle,True,7,6,1
2024-06-18 08:00:00,34.0,60.4,0.0,4.1,16.7,Clear,False,8,6,1
2024-06-18 09:00:00,29.9,63.9,0.0,7.2,14.4,Clear,False,9,6,1
2024-06-18 10:00:00,28.4,72.0,2.33,23.0,8.6,Light Rain,True,10,6,1
2024-06-18 11:00:00,32.5,58.3,0.0,2.7,15.6,Clear,False,11,6,1
2024-06-18 12:00:00,32.6,86.3,1.02,4.9,5.5,Drizzle,True,12,6,1
2024-06-18 13:00:00,27.0,68.7,0.4,28.8,6.1,Drizzle,True,13,6,1
2024-06-18 14:00:00,30.0,61.0,0.74,7.1,7.4,Drizzle,True,14,6,1
2024-06-18 15:00:00,32.9,55.9,0.0,1.3,12.2,Clear,False,15,6,1
2024-06-18 16:00:00,29.1,65.7,0.0,1.2,9.6,Clear,False,16,6,1
2024-06-18 17:00:00,37.3,73.5,1.67,0.0,6.2,Drizzle,True,17,6,1
2024-06-18 18:00:00,20.4,65.4,0.0,12.0,19.9,Clear,False,18,6,1
2024-06-18 19:00:00,24.5,72.2,0.0,17.6,15.4,Clear,False,19,6,1
2024-06-18 20:00:00,18.1,77.0,0.0,5.3,14.8,Clear,False,20,6,1
2024-06-18 21:00:00,24.9,77.5,1.51,15.8,6.4,Drizzle,True,21,6,1
2024-06-18 22:00:00,37.8,95.0,2.01,6.0,7.8,Light Rain,True,22,6,1
2024-06-18 23:00:00,19.1,62.3,4.37,4.4,7.4,Light Rain,True,23,6,1
2024-06-19 00:00:00,30.1,52.8,0.0,14.9,14.3,Clear,False,0,6,2
2024-06-19 01:00:00,23.3,67.4,5.18,8.2,3.4,Light Rain,True,1,6,2
2024-06-19 02:00:00,33.1,58.6,0.0,0.8,11.4,Clear,False,2,6,2
2024-06-19 03:00:00,29.1,53.4,0.0,5.0,12.8,Clear,False,3,6,2
2024-06-19 04:00:00,32.5,59.6,0.0,7.3,11.4,Clear,False,4,6,2
2024-06-19 05:00:00,30.1,54.0,0.0,7.6,11.7,Clear,False,5,6,2
2024-06-19 06:00:00,32.9,68.5,2.0,8.8,7.6,Light Rain,True,6,6,2
2024-06-19 07:00:00,29.9,54.3,0.0,2.6,16.0,Clear,False,7,6,2
2024-06-19 08:00:00,26.7,55.5,0.0,1.1,18.8,Clear,False,8,6,2
2024-06-19 09:00:00,28.9,66.9,0.0,3.9,20.0,Clear,False,9,6,2
2024-06-19 10:00:00,34.1,71.5,0.08,32.6,7.4,Drizzle,True,10,6,2
2024-06-19 11:00:00,31.6,48.3,0.0,23.5,18.4,Clear,False,11,6,2
2024-06-19 12:00:00,33.7,50.4,0.0,0.1,12.1,Clear,False,12,6,2
2024-06-19 13:00:00,38.0,57.7,1.46,10.4,6.1,Drizzle,True,13,6,2
2024-06-19 14:00:00,33.8,72.5,8.61,4.8,3.0,Light Rain,True,14,6,2
2024-06-19 15:00:00,40.6,68.2,0.0,18.8,17.4,Clear,False,15,6,2
2024-06-19 16:00:00,35.2,66.4,0.0,4.1,11.6,Clear,False,16,6,2
2024-06-19 17:00:00,30.8,68.6,0.51,12.0,6.5,Drizzle,True,17,6,2
2024-06-19 18:00:00,31.6,41.8,0.0,2.9,15.8,Clear,False,18,6,2
2024-06-19 19:00:00,22.1,84.6,3.3,19.3,8.6,Light Rain,True,19,6,2
2024-06-19 20:00:00,25.6,82.2,2.15,14.5,8.2,Light Rain,True,20,6,2
2024-06-19 21:00:00,24.9,65.9,2.1,7.6,7.9,Light Rain,True,21,6,2
2024-06-19 22:00:00,22.6,61.3,0.0,2.1,14.1,Clear,False,22,6,2
2024-06-19 23:00:00,19.2,41.3,0.0,13.7,18.1,Clear,False,23,6,2
2024-06-20 00:00:00,13.5,83.9,0.59,1.1,1.3,Drizzle,True,0,6,3
2024-06-20 01:00:00,23.8,72.0,0.0,3.9,13.6,Clear,False,1,6,3
2024-06-20 02:00:00,14.9,61.9,0.0,0.3,16.3,Clear,False,2,6,3
2024-06-20 03:00:00,11.2,64.5,0.0,6.6,12.1,Clear,False,3,6,3
2024-06-20 04:00:00,23.6,50.4,0.0,22.3,14.4,Clear,False,4,6,3
2024-06-20 05:00:00,22.5,67.1,0.0,14.3,8.9,Clear,False,5,6,3
2024-06-20 06:00:00,35.5,57.7,1.1,12.7,9.6,Drizzle,True,6,6,3
2024-06-20 07:00:00,28.8,56.2,0.0,0.3,14.0,Clear,False,7,6,3
2024-06-20 08:00:00,24.4,81.6,1.75,16.2,8.4,Drizzle,True,8,6,3
2024-06-20 09:00:00,28.1,62.0,0.0,4.5,19.9,Clear,False,9,6,3
2024-06-20 10:00:00,36.0,62.3,0.0,14.9,14.3,Clear,False,10,6,3
2024-06-20 11:00:00,18.9,58.1,0.0,5.3,15.9,Clear,False,11,6,3
2024-06-20 12:00:00,21.5,60.6,0.79,9.6,5.6,Drizzle,True,12,6,3
2024-06-20 13:00:00,35.2,86.1,11.6,10.2,4.1,Heavy Rain,True,13,6,3
2024-06-20 14:00:00,28.1,64.9,1.98,8.3,6.3,Drizzle,True,14,6,3
2024-06-20 15:00:00,37.5,65.5,2.71,10.9,5.8,Light Rain,True,15,6,3
2024-06-20 16:00:00,32.7,77.3,0.1,10.7,6.8,Drizzle,True,16,6,3
2024-06-20 17:00:00,30.2,73.3,2.22,9.2,7.9,Light Rain,True,17,6,3
2024-06-20 18:00:00,33.7,64.7,0.0,6.4,14.2,Clear,False,18,6,3
2024-06-20 19:00:00,23.3,81.7,0.64,12.6,5.8,Drizzle,True,19,6,3
2024-06-20 20:00:00,26.8,59.9,0.0,3.3,13.0,Clear,False,20,6,3
2024-06-20 21:00:00,23.6,62.5,0.0,11.4,11.4,Clear,False,21,6,3
2024-06-20 22:00:00,23.8,51.9,0.0,9.1,11.0,Clear,False,22,6,3
2024-06-20 23:00:00,31.1,74.6,5.43,20.1,2.2,Light Rain,True,23,6,3
2024-06-21 00:00:00,16.7,69.8,0.0,13.9,16.5,Clear,False,0,6,4
2024-06-21 01:00:00,18.8,52.2,0.0,2.5,19.0,Clear,False,1,6,4
2024-06-21 02:00:00,33.1,55.9,0.0,7.7,17.1,Clear,False,2,6,4
2024-06-21 03:00:00,13.6,67.1,0.0,1.8,9.4,Clear,False,3,6,4
2024-06-21 04:00:00,26.8,62.2,0.0,0.1,18.8,Clear,False,4,6,4
2024-06-21 05:00:00,18.9,52.3,0.0,0.9,17.5,Clear,False,5,6,4
2024-06-21 06:00:00,36.4,71.8,0.0,7.4,11.5,Clear,False,6,6,4
2024-06-21 07:00:00,38.2,43.4,0.0,2.1,13.4,Clear,False,7,6,4
2024-06-21 08:00:00,27.3,92.2,0.15,9.3,7.7,Drizzle,True,8,6,4
2024-06-21 09:00:00,25.3,57.9,0.0,0.1,16.6,Clear,False,9,6,4
2024-06-21 10:00:00,29.4,60.8,0.0,6.4,14.2,Clear,False,10,6,4
2024-06-21 11:00:00,26.5,77.6,5.53,11.9,5.9,Light Rain,True,11,6,4
2024-06-21 12:00:00,24.8,77.1,3.14,13.5,7.5,Light Rain,True,12,6,4
2024-06-21 13:00:00,31.9,71.8,0.0,2.8,18.5,Clear,False,13,6,4
2024-06-21 14:00:00,32.0,95.0,3.26,10.1,10.9,Light Rain,True,14,6,4
2024-06-21 15:00:00,25.9,80.5,1.29,14.3,7.6,Drizzle,True,15,6,4
2024-06-21 16:00:00,23.0,60.2,0.0,25.3,14.1,Clear,False,16,6,4
2024-06-21 17:00:00,39.6,61.0,0.0,7.5,12.5,Clear,False,17,6,4
2024-06-21 18:00:00,22.9,69.1,0.49,44.2,2.0,Drizzle,True,18,6,4
2024-06-21 19:00:00,32.1,47.9,0.0,8.9,11.8,Clear,False,19,6,4
2024-06-21 20:00:00,21.5,73.7,2.16,17.6,8.6,Light Rain,True,20,6,4
2024-06-21 21:00:00,27.2,89.6,0.07,13.9,5.0,Drizzle,True,21,6,4
2024-06-21 22:00:00,24.0,59.5,0.0,6.2,12.1,Clear,False,22,6,4
2024-06-21 23:00:00,24.2,44.5,0.0,13.7,15.8,Clear,False,23,6,4
2024-06-22 00:00:00,23.8,68.3,2.38,24.3,9.6,Light Rain,True,0,6,5
2024-06-22 01:00:00,23.7,80.6,3.02,13.6,6.5,Light Rain,True,1,6,5
2024-06-22 02:00:00,22.3,50.4,0.0,4.8,19.9,Clear,False,2,6,5
2024-06-22 03:00:00,28.1,54.8,0.0,27.9,14.0,Clear,False,3,6,5
2024-06-22 04:00:00,21.7,65.1,2.68,47.6,5.6,Light Rain,True,4,6,5
2024-06-22 05:00:00,19.9,57.9,0.0,8.6,17.9,Clear,False,5,6,5
2024-06-22 06:00:00,39.4,61.7,0.0,1.3,16.5,Clear,False,6,6,5
2024-06-22 07:00:00,42.1,64.5,0.34,10.5,5.5,Drizzle,True,7,6,5
2024-06-22 08:00:00,44.2,82.3,4.06,11.6,5.4,Light Rain,True,8,6,5
2024-06-22 09:00:00,31.6,65.1,1.42,13.8,10.0,Drizzle,True,9,6,5
2024-06-22 10:00:00,41.5,82.8,7.07,7.7,2.2,Light Rain,True,10,6,5
2024-06-22 11:00:00,29.5,86.3,0.0,8.9,16.6,Cloudy,False,11,6,5
2024-06-22 12:00:00,37.7,73.3,1.45,11.6,6.7,Drizzle,True,12,6,5
2024-06-22 13:00:00,35.6,47.1,0.0,0.4,13.4,Clear,False,13,6,5
2024-06-22 14:00:00,34.0,42.2,0.0,6.5,18.2,Clear,False,14,6,5
2024-06-22 15:00:00,35.4,64.7,0.0,25.4,19.0,Clear,False,15,6,5
2024-06-22 16:00:00,44.1,65.7,0.0,1.6,11.2,Clear,False,16,6,5
2024-06-22 17:00:00,30.5,84.4,2.75,2.0,6.6,Light Rain,True,17,6,5
2024-06-22 18:00:00,27.3,54.6,0.0,5.7,14.6,Clear,False,18,6,5
2024-06-22 19:00:00,12.4,58.0,0.0,0.5,15.6,Clear,False,19,6,5
2024-06-22 20:00:00,24.2,70.1,0.0,25.7,15.5,Clear,False,20,6,5
2024-06-22 21:00:00,36.7,74.2,0.47,6.2,4.9,Drizzle,True,21,6,5
2024-06-22 22:00:00,18.8,74.2,0.01,10.5,10.5,Drizzle,True,22,6,5
2024-06-22 23:00:00,11.1,61.1,0.0,3.0,16.5,Clear,False,23,6,5
2024-06-23 00:00:00,16.9,66.2,0.0,5.2,18.1,Clear,False,0,6,6
2024-06-23 01:00:00,17.9,65.0,0.0,2.0,14.0,Clear,False,1,6,6
2024-06-23 02:00:00,14.0,54.0,0.0,4.4,18.2,Clear,False,2,6,6
2024-06-23 03:00:00,31.6,79.8,2.94,10.0,2.6,Light Rain,True,3,6,6
2024-06-23 04:00:00,22.5,73.5,0.43,33.0,4.7,Drizzle,True,4,6,6
2024-06-23 05:00:00,10.8,71.4,0.0,1.4,9.8,Clear,False,5,6,6
2024-06-23 06:00:00,41.1,46.0,0.0,0.2,16.0,Clear,False,6,6,6
2024-06-23 07:00:00,35.8,43.8,0.0,6.7,16.3,Clear,False,7,6,6
2024-06-23 08:00:00,35.9,84.6,0.76,10.4,12.0,Drizzle,True,8,6,6
2024-06-23 09:00:00,21.7,82.0,1.59,8.3,11.2,Drizzle,True,9,6,6
2024-06-23 10:00:00,28.9,74.9,4.95,12.6,8.8,Light Rain,True,10,6,6
2024-06-23 11:00:00,32.1,63.2,0.0,1.6,15.6,Clear,False,11,6,6
2024-06-23 12:00:00,25.6,51.8,0.0,7.1,11.8,Clear,False,12,6,6
2024-06-23 13:00:00,38.2,69.2,0.83,13.1,9.4,Drizzle,True,13,6,6
2024-06-23 14:00:00,32.5,79.0,0.0,21.5,17.3,Clear,False,14,6,6
2024-06-23 15:00:00,33.5,74.5,0.37,26.8,7.0,Drizzle,True,15,6,6
2024-06-23 16:00:00,33.3,52.2,0.0,1.9,18.2,Clear,False,16,6,6
2024-06-23 17:00:00,31.4,58.2,0.0,11.6,16.2,Clear,False,17,6,6
2024-06-23 18:00:00,25.5,71.9,0.0,1.9,17.7,Clear,False,18,6,6
2024-06-23 19:00:00,15.2,79.0,0.0,2.1,12.2,Clear,False,19,6,6
2024-06-23 20:00:00,16.0,66.0,0.0,3.7,13.1,Clear,False,20,6,6
2024-06-23 21:00:00,27.6,56.6,0.0,3.8,16.1,Clear,False,21,6,6
2024-06-23 22:00:00,22.2,64.9,0.95,17.1,8.4,Drizzle,True,22,6,6
2024-06-23 23:00:00,23.0,63.3,0.0,3.2,15.4,Clear,False,23,6,6
2024-06-24 00:00:00,36.1,64.7,4.05,24.4,4.5,Light Rain,True,0,6,0
2024-06-24 01:00:00,29.8,58.6,0.0,1.1,16.0,Clear,False,1,6,0
2024-06-24 02:00:00,31.9,48.6,0.0,1.5,17.5,Clear,False,2,6,0
2024-06-24 03:00:00,25.1,71.9,0.0,1.5,14.7,Clear,False,3,6,0
2024-06-24 04:00:00,28.4,66.0,0.0,7.4,12.4,Clear,False,4,6,0
2024-06-24 05:00:00,31.1,84.5,4.56,11.0,9.8,Light Rain,True,5,6,0
2024-06-24 06:00:00,34.0,57.8,0.0,0.4,12.2,Clear,False,6,6,0
2024-06-24 07:00:00,31.7,65.1,7.12,6.3,4.4,Light Rain,True,7,6,0
2024-06-24 08:00:00,33.2,54.1,1.84,9.7,9.1,Drizzle,True,8,6,0
2024-06-24 09:00:00,25.4,62.1,0.0,4.3,13.3,Clear,False,9,6,0
2024-06-24 10:00:00,37.2,65.1,0.0,4.3,13.5,Clear,False,10,6,0
2024-06-24 11:00:00,22.2,84.1,2.27,51.0,6.8,Light Rain,True,11,6,0
2024-06-24 12:00:00,28.4,64.6,0.0,26.2,8.4,Drizzle,True,12,6,0
2024-06-24 13:00:00,31.2,77.5,1.8,12.7,4.1,Drizzle,True,13,6,0
2024-06-24 14:00:00,28.7,85.3,1.47,17.4,7.1,Drizzle,True,14,6,0
2024-06-24 15:00:00,32.9,59.9,0.0,11.2,15.9,Clear,False,15,6,0
2024-06-24 16:00:00,29.0,75.1,0.02,11.1,5.9,Drizzle,True,16,6,0
2024-06-24 17:00:00,35.0,63.4,0.52,9.5,3.7,Drizzle,True,17,6,0
2024-06-24 18:00:00,35.0,79.4,0.28,29.1,6.3,Drizzle,True,18,6,0
2024-06-24 19:00:00,17.4,76.9,2.52,7.5,6.1,Light Rain,True,19,6,0
2024-06-24 20:00:00,21.1,58.0,0.0,0.1,15.7,Clear,False,20,6,0
2024-06-24 21:00:00,33.0,64.2,1.18,5.3,7.3,Drizzle,True,21,6,0
2024-06-24 22:00:00,21.6,60.3,0.0,10.8,9.1,Clear,False,22,6,0
2024-06-24 23:00:00,20.9,51.4,0.0,4.3,15.3,Clear,False,23,6,0
2024-06-25 00:00:00,22.8,56.0,0.0,1.2,11.4,Clear,False,0,6,1
2024-06-25 01:00:00,23.5,59.6,0.0,3.4,15.5,Clear,False,1,6,1
2024-06-25 02:00:00,20.1,89.2,1.02,3.8,9.6,Drizzle,True,2,6,1
2024-06-25 03:00:00,24.3,76.5,0.55,10.1,4.3,Drizzle,True,3,6,1
2024-06-25 04:00:00,34.7,83.6,1.58,16.9,8.6,Drizzle,True,4,6,1
2024-06-25 05:00:00,21.7,73.5,1.22,4.3,5.4,Drizzle,True,5,6,1
2024-06-25 06:00:00,30.5,56.3,0.0,1.4,12.8,Clear,False,6,6,1
2024-06-25 07:00:00,35.9,61.4,0.0,1.7,18.0,Clear,False,7,6,1
2024-06-25 08:00:00,22.6,52.6,0.0,10.7,18.6,Clear,False,8,6,1
2024-06-25 09:00:00,36.2,44.7,0.0,20.1,14.4,Clear,False,9,6,1
2024-06-25 10:00:00,20.0,59.4,0.0,3.5,16.6,Clear,False,10,6,1
2024-06-25 11:00:00,33.4,84.8,1.42,23.7,5.9,Drizzle,True,11,6,1
2024-06-25 12:00:00,32.9,67.8,0.0,4.0,16.9,Clear,False,12,6,1
2024-06-25 13:00:00,29.2,54.5,0.0,3.5,20.0,Clear,False,13,6,1
2024-06-25 14:00:00,26.3,86.1,0.86,11.5,6.8,Drizzle,True,14,6,1
2024-06-25 15:00:00,31.7,69.5,0.0,9.8,14.8,Clear,False,15,6,1
2024-06-25 16:00:00,26.0,70.7,0.1,37.5,4.6,Drizzle,True,16,6,1
2024-06-25 17:00:00,34.3,64.7,0.0,10.5,12.8,Clear,False,17,6,1
2024-06-25 18:00:00,23.4,54.3,0.0,1.0,15.6,Clear,False,18,6,1
2024-06-25 19:00:00,28.9,43.5,0.0,15.4,19.5,Clear,False,19,6,1
2024-06-25 20:00:00,28.5,61.0,0.0,1.6,14.6,Clear,False,20,6,1
2024-06-25 21:00:00,18.5,63.1,0.0,1.8,20.0,Clear,False,21,6,1
2024-06-25 22:00:00,24.4,64.1,0.0,24.5,17.6,Clear,False,22,6,1
2024-06-25 23:00:00,27.0,59.1,3.24,7.0,3.2,Light Rain,True,23,6,1
2024-06-26 00:00:00,37.7,56.0,0.0,28.0,11.7,Clear,False,0,6,2
2024-06-26 01:00:00,27.2,87.3,2.75,12.1,12.0,Light Rain,True,1,6,2
2024-06-26 02:00:00,15.4,45.9,0.0,1.6,15.3,Clear,False,2,6,2
2024-06-26 03:00:00,22.7,77.1,2.04,2.2,7.1,Light Rain,True,3,6,2
2024-06-26 04:00:00,14.0,76.4,0.0,0.7,16.1,Clear,False,4,6,2
2024-06-26 05:00:00,26.0,46.3,0.0,4.5,16.8,Clear,False,5,6,2
2024-06-26 06:00:00,29.8,60.2,0.0,0.5,10.8,Clear,False,6,6,2
2024-06-26 07:00:00,26.5,59.2,0.0,2.4,13.3,Clear,False,7,6,2
2024-06-26 08:00:00,28.2,81.7,0.0,3.2,10.7,Clear,False,8,6,2
2024-06-26 09:00:00,27.0,52.2,0.0,27.1,14.2,Clear,False,9,6,2
2024-06-26 10:00:00,40.6,68.6,0.0,5.3,10.8,Clear,False,10,6,2
2024-06-26 11:00:00,28.9,79.1,1.66,27.3,11.4,Drizzle,True,11,6,2
2024-06-26 12:00:00,24.7,61.9,0.0,0.8,18.4,Clear,False,12,6,2
2024-06-26 13:00:00,34.6,62.4,0.0,6.9,13.4,Clear,False,13,6,2
2024-06-26 14:00:00,30.1,55.0,0.0,8.4,19.3,Clear,False,14,6,2
2024-06-26 15:00:00,33.9,67.2,5.99,12.9,4.1,Light Rain,True,15,6,2
2024-06-26 16:00:00,32.5,44.6,0.0,0.3,14.6,Clear,False,16,6,2
2024-06-26 17:00:00,25.2,69.6,3.66,8.3,7.1,Light Rain,True,17,6,2
2024-06-26 18:00:00,29.7,76.1,1.93,28.0,6.2,Drizzle,True,18,6,2
2024-06-26 19:00:00,22.3,75.0,3.02,18.5,8.6,Light Rain,True,19,6,2
2024-06-26 20:00:00,22.9,50.2,0.0,8.2,11.7,Clear,False,20,6,2
2024-06-26 21:00:00,30.1,84.6,7.38,10.4,2.2,Light Rain,True,21,6,2
2024-06-26 22:00:00,29.7,89.4,0.15,4.0,6.8,Drizzle,True,22,6,2
2024-06-26 23:00:00,15.8,61.2,0.0,1.3,13.1,Clear,False,23,6,2
2024-06-27 00:00:00,35.4,77.0,0.0,5.6,13.0,Clear,False,0,6,3
2024-06-27 01:00:00,23.8,61.5,0.0,5.6,14.9,Clear,False,1,6,3
2024-06-27 02:00:00,27.2,73.4,0.0,4.9,16.1,Clear,False,2,6,3
2024-06-27 03:00:00,12.2,52.3,0.0,4.3,14.9,Clear,False,3,6,3
2024-06-27 04:00:00,24.4,83.5,8.93,9.9,1.2,Light Rain,True,4,6,3
2024-06-27 05:00:00,24.4,70.8,3.79,8.3,6.0,Light Rain,True,5,6,3
2024-06-27 06:00:00,32.9,46.7,0.0,4.9,14.8,Clear,False,6,6,3
2024-06-27 07:00:00,28.1,59.0,0.0,4.5,11.7,Clear,False,7,6,3
2024-06-27 08:00:00,32.1,42.9,0.0,17.5,20.0,Clear,False,8,6,3
2024-06-27 09:00:00,30.9,66.8,0.0,5.7,15.5,Clear,False,9,6,3
2024-06-27 10:00:00,21.5,61.6,1.3,59.1,5.7,Drizzle,True,10,6,3
2024-06-27 11:00:00,27.8,60.8,0.9,31.7,7.9,Drizzle,True,11,6,3
2024-06-27 12:00:00,35.5,71.9,1.49,15.4,3.4,Drizzle,True,12,6,3
2024-06-27 13:00:00,20.7,59.9,0.0,2.1,18.5,Clear,False,13,6,3
2024-06-27 14:00:00,41.2,62.8,0.0,3.7,15.0,Clear,False,14,6,3
2024-06-27 15:00:00,29.0,44.4,0.0,12.2,11.5,Clear,False,15,6,3
2024-06-27 16:00:00,38.1,41.6,0.0,2.2,17.7,Clear,False,16,6,3
2024-06-27 17:00:00,28.0,61.6,0.0,27.3,20.0,Clear,False,17,6,3
2024-06-27 18:00:00,36.8,62.1,0.0,7.0,11.7,Clear,False,18,6,3
2024-06-27 19:00:00,23.7,59.1,0.0,16.1,12.3,Clear,False,19,6,3
2024-06-27 20:00:00,28.2,76.9,1.87,17.1,5.2,Drizzle,True,20,6,3
2024-06-27 21:00:00,14.7,64.1,0.53,7.8,7.7,Drizzle,True,21,6,3
2024-06-27 22:00:00,32.4,71.6,0.0,0.7,17.9,Clear,False,22,6,3
2024-06-27 23:00:00,23.1,93.1,4.61,4.8,9.4,Light Rain,True,23,6,3
2024-06-28 00:00:00,22.1,54.3,0.0,6.3,11.6,Clear,False,0,6,4
2024-06-28 01:00:00,21.7,52.5,0.0,9.7,13.0,Clear,False,1,6,4
2024-06-28 02:00:00,19.6,62.9,0.0,12.9,14.8,Clear,False,2,6,4
2024-06-28 03:00:00,17.5,75.3,0.0,14.9,15.1,Clear,False,3,6,4
2024-06-28 04:00:00,29.9,56.0,0.0,0.1,14.5,Clear,False,4,6,4
2024-06-28 05:00:00,14.6,89.3,4.17,12.9,6.2,Light Rain,True,5,6,4
2024-06-28 06:00:00,32.1,83.5,3.48,11.1,3.5,Light Rain,True,6,6,4
2024-06-28 07:00:00,31.7,61.7,0.0,5.9,17.9,Clear,False,7,6,4
2024-06-28 08:00:00,21.0,68.5,0.75,11.2,8.4,Drizzle,True,8,6,4
2024-06-28 09:00:00,31.5,84.3,2.58,25.0,9.0,Light Rain,True,9,6,4
2024-06-28 10:00:00,34.6,74.3,1.43,4.5,7.3,Drizzle,True,10,6,4
2024-06-28 11:00:00,37.3,61.5,2.62,22.5,9.2,Light Rain,True,11,6,4
2024-06-28 12:00:00,27.7,65.8,0.0,14.4,14.6,Clear,False,12,6,4
2024-06-28 13:00:00,28.6,51.0,0.0,3.3,17.8,Clear,False,13,6,4
2024-06-28 14:00:00,32.3,67.6,0.0,29.7,16.5,Clear,False,14,6,4
2024-06-28 15:00:00,40.3,63.5,0.0,19.4,12.4,Clear,False,15,6,4
2024-06-28 16:00:00,28.1,70.8,0.0,4.9,13.6,Clear,False,16,6,4
2024-06-28 17:00:00,29.2,67.8,0.0,3.0,14.8,Clear,False,17,6,4
2024-06-28 18:00:00,27.4,59.3,0.0,3.5,15.7,Clear,False,18,6,4
2024-06-28 19:00:00,33.2,69.7,0.33,13.8,6.0,Drizzle,True,19,6,4
2024-06-28 20:00:00,11.6,62.3,0.0,2.2,13.3,Clear,False,20,6,4
2024-06-28 21:00:00,30.3,56.6,0.0,1.7,16.5,Clear,False,21,6,4
2024-06-28 22:00:00,29.1,40.6,0.0,0.8,12.7,Clear,False,22,6,4
2024-06-28 23:00:00,30.4,67.6,0.15,12.4,5.8,Drizzle,True,23,6,4
2024-06-29 00:00:00,24.3,77.4,0.07,19.2,10.7,Drizzle,True,0,6,5
2024-06-29 01:00:00,31.5,63.4,0.35,10.6,7.9,Drizzle,True,1,6,5
2024-06-29 02:00:00,36.8,67.1,0.0,0.5,17.9,Clear,False,2,6,5
2024-06-29 03:00:00,29.1,77.1,7.92,1.7,3.3,Light Rain,True,3,6,5
2024-06-29 04:00:00,21.9,59.7,0.0,1.9,10.2,Clear,False,4,6,5
2024-06-29 05:00:00,25.9,83.8,2.6,8.5,5.2,Light Rain,True,5,6,5
2024-06-29 06:00:00,39.4,54.9,0.0,33.1,9.4,Clear,False,6,6,5
2024-06-29 07:00:00,23.8,73.9,6.17,9.5,3.3,Light Rain,True,7,6,5
2024-06-29 08:00:00,34.1,68.4,0.91,9.9,6.3,Drizzle,True,8,6,5
2024-06-29 09:00:00,26.4,73.5,0.0,9.0,11.2,Clear,False,9,6,5
2024-06-29 10:00:00,39.1,69.7,0.0,14.3,14.7,Clear,False,10,6,5
2024-06-29 11:00:00,38.9,49.1,0.0,0.9,17.4,Clear,False,11,6,5
2024-06-29 12:00:00,31.8,75.2,0.0,4.6,10.9,Clear,False,12,6,5
2024-06-29 13:00:00,34.8,61.3,0.0,2.3,14.7,Clear,False,13,6,5
2024-06-29 14:00:00,29.9,62.3,0.0,2.4,17.2,Clear,False,14,6,5
2024-06-29 15:00:00,35.4,76.3,2.64,6.5,7.4,Light Rain,True,15,6,5
2024-06-29 16:00:00,33.8,68.5,0.0,19.8,11.3,Clear,False,16,6,5
2024-06-29 17:00:00,38.3,67.5,4.23,8.0,5.7,Light Rain,True,17,6,5
2024-06-29 18:00:00,31.3,48.1,0.0,13.8,14.1,Clear,False,18,6,5
2024-06-29 19:00:00,23.0,67.3,0.0,14.8,15.4,Clear,False,19,6,5
2024-06-29 20:00:00,33.0,52.3,0.0,8.1,16.6,Clear,False,20,6,5
2024-06-29 21:00:00,22.8,61.4,0.0,13.5,15.0,Clear,False,21,6,5
2024-06-29 22:00:00,31.2,69.3,0.0,7.4,15.7,Clear,False,22,6,5
2024-06-29 23:00:00,22.8,52.7,0.0,3.1,13.0,Clear,False,23,6,5
2024-06-30 00:00:00,18.8,57.3,0.0,1.2,18.1,Clear,False,0,6,6
2024-06-30 01:00:00,23.7,57.6,0.0,10.1,15.0,Clear,False,1,6,6
2024-06-30 02:00:00,32.5,66.7,0.0,1.9,13.3,Clear,False,2,6,6
2024-06-30 03:00:00,25.6,77.9,5.04,11.8,0.5,Light Rain,True,3,6,6
2024-06-30 04:00:00,25.2,39.8,0.0,19.9,6.5,Clear,False,4,6,6
2024-06-30 05:00:00,26.6,66.4,0.0,1.7,19.8,Clear,False,5,6,6
2024-06-30 06:00:00,22.5,57.5,0.0,6.1,16.9,Clear,False,6,6,6
2024-06-30 07:00:00,38.8,67.1,2.44,7.7,8.4,Light Rain,True,7,6,6
2024-06-30 08:00:00,27.1,62.0,0.0,5.8,16.2,Clear,False,8,6,6
2024-06-30 09:00:00,26.7,50.8,0.0,1.5,15.6,Clear,False,9,6,6
2024-06-30 10:00:00,26.2,69.3,0.0,7.6,17.2,Clear,False,10,6,6
2024-06-30 11:00:00,23.6,89.6,0.68,3.3,6.0,Drizzle,True,11,6,6
2024-06-30 12:00:00,31.1,87.1,0.43,16.0,7.2,Drizzle,True,12,6,6
2024-06-30 13:00:00,25.4,72.9,0.0,4.1,13.1,Clear,False,13,6,6
2024-06-30 14:00:00,31.6,59.1,0.0,19.1,19.7,Clear,False,14,6,6
2024-06-30 15:00:00,34.5,65.7,0.0,2.7,13.3,Clear,False,15,6,6
2024-06-30 16:00:00,29.3,95.0,8.07,7.5,3.1,Light Rain,True,16,6,6
2024-06-30 17:00:00,37.1,60.3,0.0,5.5,14.1,Clear,False,17,6,6
2024-06-30 18:00:00,31.1,75.9,0.0,1.3,15.1,Clear,False,18,6,6
2024-06-30 19:00:00,20.7,82.7,8.2,11.4,2.3,Light Rain,True,19,6,6
2024-06-30 20:00:00,27.6,30.0,0.0,1.1,15.4,Clear,False,20,6,6
2024-06-30 21:00:00,39.0,58.3,0.0,15.5,12.5,Clear,False,21,6,6
2024-06-30 22:00:00,27.2,75.6,2.44,6.5,8.4,Light Rain,True,22,6,6
2024-06-30 23:00:00,20.0,83.6,5.04,11.6,2.0,Light Rain,True,23,6,6
2024-07-01 00:00:00,25.8,59.0,0.0,13.5,15.8,Clear,False,0,7,0
